{"stats": {"std_sample": 2.9396050102626226, "std_population": 2.7714861823555346, "mean": 8.48227111111111}, "rmsds": {"1": 3.8505, "2": 10.3415, "3": 9.73263, "4": 9.92393, "5": 9.69924, "6": 9.62655, "7": 10.6137, "8": 9.70486, "9": 2.84753}}