{"stats": {"std_sample": 4.031170776438417, "std_population": 3.8006242561875263, "mean": 5.106091111111111}, "rmsds": {"1": 2.72291, "2": 1.83803, "3": 3.1252, "4": 11.403, "5": 12.4652, "6": 3.90538, "7": 2.40998, "8": 5.61395, "9": 2.47117}}