{"stats": {"std_sample": 3.0672351452194606, "std_population": 2.8918170275711805, "mean": 5.1389177777777775}, "rmsds": {"1": 3.59853, "2": 3.47264, "3": 4.6135, "4": 4.44395, "5": 3.60018, "6": 5.16034, "7": 13.1737, "8": 4.44322, "9": 3.7442}}