{"stats": {"std_sample": 6.126461103056243, "std_population": 5.776082920862247, "mean": 7.34402111111111}, "rmsds": {"1": 1.7654, "2": 13.5703, "3": 13.7999, "4": 4.33264, "5": 2.011, "6": 1.57385, "7": 13.595, "8": 13.9904, "9": 1.4577}}