{"stats": {"std_sample": 0.9359196785782421, "std_population": 0.8823935351581452, "mean": 2.7370266666666665}, "rmsds": {"1": 3.17107, "2": 1.64492, "3": 2.30603, "4": 1.70928, "5": 4.36668, "6": 2.60017, "7": 3.94, "8": 2.66573, "9": 2.22936}}