{"stats": {"std_sample": 3.331129890904136, "std_population": 3.1406193798286917, "mean": 5.690720000000001}, "rmsds": {"1": 4.62375, "2": 2.78276, "3": 6.39707, "4": 6.22913, "5": 2.46343, "6": 4.33387, "7": 13.7558, "8": 5.94943, "9": 4.68124}}