{"stats": {"std_sample": 0.6023469625856106, "std_population": 0.5678981624952065, "mean": 10.26576888888889}, "rmsds": {"1": 9.79989, "2": 9.95011, "3": 9.81066, "4": 11.158, "5": 9.47426, "6": 10.3549, "7": 10.6374, "8": 10.0638, "9": 11.1429}}