{"stats": {"std_sample": 2.691892624049316, "std_population": 2.5379407049217613, "mean": 5.42452888888889}, "rmsds": {"1": 3.51551, "2": 7.54547, "3": 7.26426, "4": 1.86455, "5": 7.9137, "6": 2.8216, "7": 2.35108, "8": 8.17737, "9": 7.36722}}