{"stats": {"std_sample": 2.0961078128965864, "std_population": 1.9762293981297057, "mean": 3.165041111111111}, "rmsds": {"1": 1.52513, "2": 2.78376, "3": 2.6206, "4": 1.60914, "5": 1.48744, "6": 2.24045, "7": 3.48277, "8": 7.99728, "9": 4.7388}}