{"stats": {"std_sample": 2.8264405243275705, "std_population": 2.6647936818299813, "mean": 6.4627711111111115}, "rmsds": {"1": 5.20773, "2": 13.0115, "3": 4.62892, "4": 4.99755, "5": 8.21061, "6": 7.55975, "7": 5.80978, "8": 4.86524, "9": 3.87386}}