{"stats": {"std_sample": 4.236603471066507, "std_population": 3.994308058119457, "mean": 7.108845555555556}, "rmsds": {"1": 5.20773, "2": 13.0115, "3": 4.99755, "4": 4.47258, "5": 4.37347, "6": 15.2815, "7": 8.34022, "8": 4.59352, "9": 3.70154}}