{"stats": {"std_sample": 0.608310605511508, "std_population": 0.5735207389665095, "mean": 10.459544444444445}, "rmsds": {"1": 9.332, "2": 9.992, "3": 10.6946, "4": 10.0738, "5": 11.1067, "6": 10.9171, "7": 10.9231, "8": 10.0969, "9": 10.9997}}