{"stats": {"std_sample": 1.9279574075689538, "std_population": 1.8176956756411249, "mean": 4.788023333333333}, "rmsds": {"1": 5.3269, "2": 9.62113, "3": 3.41047, "4": 3.97479, "5": 4.07747, "6": 3.88166, "7": 5.08213, "8": 4.29938, "9": 3.41828}}