{"stats": {"std_sample": 3.6342138575110026, "std_population": 3.4263696839042015, "mean": 6.79332}, "rmsds": {"1": 10.3415, "2": 3.81857, "3": 9.84488, "4": 2.7893, "5": 3.47923, "6": 2.82546, "7": 11.5078, "8": 6.59582, "9": 9.93732}}