{"stats": {"std_sample": 2.201923710630346, "std_population": 2.075993583256217, "mean": 6.311478888888889}, "rmsds": {"1": 8.29984, "2": 8.31658, "3": 6.39916, "4": 8.15728, "5": 6.4354, "6": 3.08977, "7": 8.45433, "8": 3.66414, "9": 3.98681}}