{"stats": {"std_sample": 0.6469009543027262, "std_population": 0.6099040687246755, "mean": 7.776495555555556}, "rmsds": {"1": 8.38008, "2": 7.52515, "3": 8.48093, "4": 7.35783, "5": 8.29664, "6": 7.89703, "7": 6.40046, "8": 7.64412, "9": 8.00622}}