{"1": {"stats": {"std_sample": 0.9812288108158056, "std_population": 0.9251113946979574, "mean": 3.0597866666666667}, "rmsds": {"1": 3.49195, "2": 1.36831, "3": 1.86695, "4": 2.32569, "5": 3.19047, "6": 4.31035, "7": 3.54772, "8": 3.66146, "9": 3.77518}}, "2": {"stats": {"std_sample": 0.5700983168498218, "std_population": 0.537493847716728, "mean": 3.47021}, "rmsds": {"1": 3.56435, "2": 3.93172, "3": 2.9588, "4": 4.15788, "5": 3.32457, "6": 2.84107, "7": 2.98518, "8": 3.0814, "9": 4.38692}}, "3": {"stats": {"std_sample": 0.5582435478230906, "std_population": 0.5263170642924587, "mean": 3.5335488888888893}, "rmsds": {"1": 3.63458, "2": 2.56514, "3": 4.27738, "4": 3.33828, "5": 3.6103, "6": 3.06376, "7": 4.16539, "8": 3.17067, "9": 3.97644}}, "4": {"stats": {"std_sample": 0.6799778895670066, "std_population": 0.6410893023596635, "mean": 2.970003333333333}, "rmsds": {"1": 2.69621, "2": 4.16722, "3": 2.80928, "4": 2.09975, "5": 3.59, "6": 2.70741, "7": 2.34384, "8": 3.65377, "9": 2.66255}}, "5": {"stats": {"std_sample": 0.7298154806353453, "std_population": 0.6880766338295629, "mean": 5.476916666666668}, "rmsds": {"1": 5.42263, "2": 4.66344, "3": 5.1249, "4": 4.11652, "5": 5.74138, "6": 5.72252, "7": 6.00147, "8": 6.14489, "9": 6.3545}}}