{"stats": {"std_sample": 0.6329476806182325, "std_population": 0.5967487961352657, "mean": 2.8758666666666666}, "rmsds": {"1": 2.60278, "2": 3.00703, "3": 3.39212, "4": 4.01165, "5": 2.53806, "6": 3.4017, "7": 2.00687, "8": 2.64456, "9": 2.27803}}