{"1": {"stats": {"std_sample": 0.6274633915837463, "std_population": 0.5915781588469028, "mean": 11.074444444444445}, "rmsds": {"1": 10.3086, "2": 11.0378, "3": 11.6902, "4": 10.9289, "5": 11.1715, "6": 11.3461, "7": 10.0341, "8": 11.0804, "9": 12.0724}}, "2": {"stats": {"std_sample": 0.5642173036999524, "std_population": 0.5319491753453681, "mean": 11.173147777777778}, "rmsds": {"1": 11.3872, "2": 11.6355, "3": 11.6309, "4": 11.7937, "5": 9.91023, "6": 11.1059, "7": 10.8841, "8": 11.1178, "9": 11.093}}, "3": {"stats": {"std_sample": 0.3561494119202095, "std_population": 0.33578088571250825, "mean": 11.41618888888889}, "rmsds": {"1": 11.0616, "2": 10.7997, "3": 11.1502, "4": 11.6246, "5": 11.4586, "6": 11.4604, "7": 11.5046, "8": 11.9401, "9": 11.7459}}, "4": {"stats": {"std_sample": 1.489411871420319, "std_population": 1.4042309790147385, "mean": 9.865885555555556}, "rmsds": {"1": 11.1137, "2": 10.0832, "3": 11.1146, "4": 9.01946, "5": 11.7618, "6": 11.0592, "7": 8.05684, "8": 8.84974, "9": 7.73443}}, "5": {"stats": {"std_sample": 1.002719418138051, "std_population": 0.94537293359046, "mean": 10.069201111111111}, "rmsds": {"1": 9.90678, "2": 10.5344, "3": 10.1654, "4": 10.5021, "5": 11.1547, "6": 10.9792, "7": 9.26189, "8": 10.2645, "9": 7.85384}}}