{"stats": {"std_sample": 2.4564324320721935, "std_population": 2.3159467069930817, "mean": 3.603731111111111}, "rmsds": {"1": 1.78027, "2": 2.77931, "3": 1.95307, "4": 7.77779, "5": 1.57076, "6": 7.81086, "7": 2.15453, "8": 3.36257, "9": 3.24442}}