{"stats": {"std_sample": 1.068321606615307, "std_population": 1.0072232700343877, "mean": 5.68455888888889}, "rmsds": {"1": 5.5634, "2": 5.65607, "3": 4.66909, "4": 4.90968, "5": 5.69899, "6": 4.42604, "7": 7.20927, "8": 7.56253, "9": 5.46596}}