{"stats": {"std_sample": 0.4244583341742743, "std_population": 0.4001831552343667, "mean": 8.2175}, "rmsds": {"1": 8.38008, "2": 8.55759, "3": 7.52515, "4": 8.24138, "5": 8.77324, "6": 7.56549, "7": 8.37968, "8": 8.10305, "9": 8.43184}}