{"stats": {"std_sample": 2.2758515136647204, "std_population": 2.1456933843813233, "mean": 4.735153333333333}, "rmsds": {"1": 6.69619, "2": 7.02848, "3": 2.50781, "4": 1.74298, "5": 6.47696, "6": 5.79584, "7": 6.79596, "8": 1.68763, "9": 3.88453}}