{"stats": {"std_sample": 1.307738024567612, "std_population": 1.2329472335830112, "mean": 12.954326666666667}, "rmsds": {"1": 13.4217, "2": 13.4585, "3": 13.5281, "4": 13.4528, "5": 12.9727, "6": 13.7739, "7": 13.1963, "8": 13.2662, "9": 9.51874}}