{"stats": {"std_sample": 1.9098305452709672, "std_population": 1.8006055059710702, "mean": 5.1446966666666665}, "rmsds": {"1": 6.69619, "2": 2.50781, "3": 5.49446, "4": 6.46431, "5": 7.04102, "6": 5.79584, "7": 1.90724, "8": 6.51087, "9": 3.88453}}