{"stats": {"std_sample": 4.127600181887709, "std_population": 3.8915387715195005, "mean": 5.239492222222223}, "rmsds": {"1": 2.72291, "2": 12.4939, "3": 1.83803, "4": 3.1252, "5": 12.0475, "6": 3.90538, "7": 2.40998, "8": 2.99858, "9": 5.61395}}