{"stats": {"std_sample": 4.770716665850635, "std_population": 4.497874807390214, "mean": 6.631220000000001}, "rmsds": {"1": 1.83482, "2": 3.18233, "3": 3.40446, "4": 12.1202, "5": 6.01679, "6": 13.2172, "7": 5.22214, "8": 1.86934, "9": 12.8137}}