{"stats": {"std_sample": 0.5325125091045072, "std_population": 0.5020576083392801, "mean": 3.336314444444444}, "rmsds": {"1": 3.75406, "2": 3.82007, "3": 3.74791, "4": 3.4017, "5": 2.52315, "6": 3.45532, "7": 3.47362, "8": 3.49758, "9": 2.35342}}