{"stats": {"std_sample": 5.522282568825141, "std_population": 5.206457936059366, "mean": 11.044616666666668}, "rmsds": {"1": 4.39934, "2": 3.70154, "3": 14.6624, "4": 2.99157, "5": 14.8626, "6": 14.7671, "7": 14.5698, "8": 14.6405, "9": 14.8067}}