{"stats": {"std_sample": 0.5292285940902832, "std_population": 0.4989615035720828, "mean": 8.213654444444442}, "rmsds": {"1": 8.7182, "2": 8.68784, "3": 8.03708, "4": 8.1685, "5": 8.87238, "6": 8.63024, "7": 7.61039, "8": 7.62517, "9": 7.57309}}