{"stats": {"std_sample": 3.3271370357189642, "std_population": 3.136854879858384, "mean": 5.699574444444444}, "rmsds": {"1": 2.79695, "2": 2.83905, "3": 3.07036, "4": 3.88984, "5": 9.87852, "6": 9.7074, "7": 6.56788, "8": 9.93539, "9": 2.61078}}