{"stats": {"std_sample": 1.5013465626929712, "std_population": 1.3705356316996407, "mean": 4.584935}, "rmsds": {"1": 3.18233, "2": 2.24108, "3": 5.22214, "4": 5.54639, "5": 5.36532, "6": 5.95235}}