{"stats": {"std_sample": 1.0689311011758948, "std_population": 1.007797907016905, "mean": 3.3046011111111113}, "rmsds": {"1": 4.96883, "2": 4.18846, "3": 3.98444, "4": 3.99364, "5": 2.70244, "6": 2.05244, "7": 3.53988, "8": 2.03944, "9": 2.27184}}