{"1": {"stats": {"std_sample": 4.299104898881407, "std_population": 4.053234969375133, "mean": 8.06868888888889}, "rmsds": {"1": 3.55659, "2": 11.8834, "3": 3.80142, "4": 3.64784, "5": 12.2232, "6": 5.67774, "7": 5.94631, "8": 12.5967, "9": 13.285}}, "2": {"stats": {"std_sample": 5.403441773323226, "std_population": 5.094413759551355, "mean": 8.323777777777778}, "rmsds": {"1": 2.04041, "2": 13.0552, "3": 3.02417, "4": 11.6289, "5": 12.5894, "6": 13.6378, "7": 2.71263, "8": 2.88339, "9": 13.3421}}, "3": {"stats": {"std_sample": 4.280365078468775, "std_population": 4.03556689725248, "mean": 7.503376666666666}, "rmsds": {"1": 13.0791, "2": 13.4868, "3": 4.24707, "4": 4.50305, "5": 4.64396, "6": 5.07592, "7": 5.17602, "8": 13.0135, "9": 4.30497}}, "4": {"stats": {"std_sample": 4.510729265458203, "std_population": 4.252756335602814, "mean": 7.46665888888889}, "rmsds": {"1": 12.9545, "2": 4.41468, "3": 4.22064, "4": 3.85044, "5": 14.033, "6": 5.42686, "7": 4.174, "8": 4.79011, "9": 13.3357}}, "5": {"stats": {"std_sample": 0.441396824184316, "std_population": 0.4161529167665815, "mean": 8.72273}, "rmsds": {"1": 8.89783, "2": 9.03236, "3": 8.9731, "4": 8.40591, "5": 8.18633, "6": 8.21508, "7": 8.31197, "8": 9.14691, "9": 9.33508}}}