{"stats": {"std_sample": 0.9249252351241392, "std_population": 0.8720278744624542, "mean": 6.880312222222222}, "rmsds": {"1": 6.21902, "2": 8.05344, "3": 7.39807, "4": 5.90038, "5": 6.23336, "6": 8.18053, "7": 5.6646, "8": 6.93241, "9": 7.341}}