{"stats": {"std_sample": 5.072885270956373, "std_population": 4.782762100366144, "mean": 7.713851111111111}, "rmsds": {"1": 11.3558, "2": 2.44815, "3": 2.35326, "4": 12.6397, "5": 2.29374, "6": 11.974, "7": 2.43551, "8": 11.5168, "9": 12.4077}}