{"stats": {"std_sample": 2.7229733507693386, "std_population": 2.56724389509234, "mean": 6.890186666666667}, "rmsds": {"1": 6.37493, "2": 7.50876, "3": 5.40555, "4": 6.02833, "5": 5.90881, "6": 6.26104, "7": 5.69022, "8": 13.8977, "9": 4.93634}}