{"stats": {"std_sample": 4.908808476561405, "std_population": 4.628069015096767, "mean": 6.613168888888889}, "rmsds": {"1": 2.72291, "2": 1.83803, "3": 12.7211, "4": 2.20947, "5": 2.67618, "6": 11.2776, "7": 3.07703, "8": 12.068, "9": 10.9282}}