{"stats": {"std_sample": 1.920062411329382, "std_population": 1.8102522018032003, "mean": 3.311843333333334}, "rmsds": {"1": 2.95286, "2": 2.30603, "3": 2.60017, "4": 1.56181, "5": 4.54896, "6": 2.12568, "7": 3.25551, "8": 7.92048, "9": 2.53509}}