{"stats": {"std_sample": 0.6576932279587328, "std_population": 0.6200791219067864, "mean": 3.1515855555555556}, "rmsds": {"1": 3.75406, "2": 3.4017, "3": 2.46857, "4": 2.59914, "5": 3.28521, "6": 4.08841, "7": 3.47362, "8": 2.03262, "9": 3.26094}}