{"stats": {"std_sample": 3.324646220730778, "std_population": 3.134506516966614, "mean": 5.388427777777777}, "rmsds": {"1": 2.66564, "2": 4.39133, "3": 6.69517, "4": 3.14732, "5": 4.22744, "6": 7.12514, "7": 2.61041, "8": 4.475, "9": 13.1584}}