{"stats": {"std_sample": 1.9828580124595407, "std_population": 1.8694564623202947, "mean": 3.1974533333333337}, "rmsds": {"1": 2.18385, "2": 3.03861, "3": 2.61944, "4": 2.64387, "5": 2.78471, "6": 2.30603, "7": 8.43036, "8": 2.60017, "9": 2.17004}}