{"stats": {"std_sample": 2.789649869347406, "std_population": 2.630107119668956, "mean": 8.863290000000001}, "rmsds": {"1": 7.74979, "2": 7.20293, "3": 11.3171, "4": 6.80012, "5": 9.32331, "6": 5.3269, "7": 9.62113, "8": 7.77633, "9": 14.652}}