{"stats": {"std_sample": 0.9763163676544607, "std_population": 0.9204798988691836, "mean": 3.65434}, "rmsds": {"1": 4.68458, "2": 5.16249, "3": 2.55823, "4": 4.62491, "5": 2.84393, "6": 3.43172, "7": 3.91564, "8": 2.72212, "9": 2.94544}}