{"stats": {"std_sample": 3.6456293391017476, "std_population": 3.43713230316197, "mean": 5.992837777777778}, "rmsds": {"1": 5.3269, "2": 9.62113, "3": 4.50975, "4": 3.41047, "5": 4.36252, "6": 3.97479, "7": 14.3872, "8": 4.26531, "9": 4.07747}}