{"stats": {"std_sample": 1.1314081660921491, "std_population": 1.0667018487114592, "mean": 9.92688}, "rmsds": {"1": 9.9304, "2": 10.6642, "3": 10.1654, "4": 10.9486, "5": 8.21698, "6": 10.9792, "7": 10.2645, "8": 10.3188, "9": 7.85384}}