{"stats": {"std_sample": 3.465161578422426, "std_population": 3.2669856666794375, "mean": 10.754086666666666}, "rmsds": {"1": 8.14893, "2": 6.04988, "3": 7.78982, "4": 6.65505, "5": 13.4841, "6": 13.7511, "7": 13.9917, "8": 13.3781, "9": 13.5381}}