{"stats": {"std_sample": 0.6549808190915042, "std_population": 0.6175218383022959, "mean": 3.8572644444444446}, "rmsds": {"1": 4.80994, "2": 3.30106, "3": 3.31345, "4": 4.73692, "5": 3.48914, "6": 3.91951, "7": 3.53555, "8": 4.47466, "9": 3.13515}}