{"stats": {"std_sample": 3.2068285841544446, "std_population": 3.0234269839446175, "mean": 3.80668}, "rmsds": {"1": 2.43269, "2": 3.72223, "3": 3.65395, "4": 1.80696, "5": 2.30834, "6": 12.1893, "7": 2.43657, "8": 2.58024, "9": 3.12984}}