{"stats": {"std_sample": 2.3085777433020196, "std_population": 2.1765479695802594, "mean": 5.185882222222222}, "rmsds": {"1": 3.62915, "2": 7.39838, "3": 3.51551, "4": 3.87875, "5": 7.76963, "6": 7.71488, "7": 3.63783, "8": 7.26426, "9": 1.86455}}