{"stats": {"std_sample": 1.2125330492586355, "std_population": 1.143187122058111, "mean": 4.017152222222222}, "rmsds": {"1": 5.14208, "2": 2.72212, "3": 2.39979, "4": 3.51526, "5": 3.35021, "6": 4.40089, "7": 6.29087, "8": 4.43588, "9": 3.89727}}