{"stats": {"std_sample": 0.6757432046602057, "std_population": 0.6370968031412806, "mean": 2.768152222222222}, "rmsds": {"1": 3.13526, "2": 2.61944, "3": 2.18553, "4": 2.64387, "5": 2.24868, "6": 2.78471, "7": 2.30603, "8": 2.60017, "9": 4.38968}}