{"stats": {"std_sample": 4.113381150002324, "std_population": 3.878132939695417, "mean": 11.104767777777777}, "rmsds": {"1": 13.8496, "2": 6.01046, "3": 5.71553, "4": 14.1333, "5": 13.2524, "6": 13.5944, "7": 13.315, "8": 14.8151, "9": 5.25712}}