{"stats": {"std_sample": 3.9947901682569977, "std_population": 3.7663242898558296, "mean": 5.887395555555555}, "rmsds": {"1": 2.70533, "2": 1.9698, "3": 1.86939, "4": 3.90538, "5": 5.68142, "6": 3.89644, "7": 10.8586, "8": 10.8325, "9": 11.2677}}