{"stats": {"std_sample": 2.899422707182893, "std_population": 2.733601943700375, "mean": 6.443585555555555}, "rmsds": {"1": 2.50781, "2": 6.51194, "3": 6.51863, "4": 5.79584, "5": 9.92369, "6": 9.60493, "7": 9.20728, "8": 1.80886, "9": 6.11329}}