{"stats": {"std_sample": 0.7005930070859807, "std_population": 0.6605254215498292, "mean": 10.184454444444446}, "rmsds": {"1": 9.79989, "2": 11.158, "3": 9.70634, "4": 10.6374, "5": 11.1429, "6": 10.1432, "7": 10.0923, "8": 8.98806, "9": 9.992}}