{"stats": {"std_sample": 4.3361013160617885, "std_population": 4.088115525998938, "mean": 4.836945555555555}, "rmsds": {"1": 3.70531, "2": 2.453, "3": 2.1845, "4": 2.7068, "5": 12.1626, "6": 3.25993, "7": 12.686, "8": 1.9934, "9": 2.38097}}