{"stats": {"std_sample": 2.449886227939983, "std_population": 2.191244857125739, "mean": 6.7157}, "rmsds": {"1": 4.39934, "2": 3.70154, "3": 8.53962, "4": 8.67183, "5": 8.26617}}