{"stats": {"std_sample": 2.3586950395121975, "std_population": 2.223799009586862, "mean": 5.053967777777777}, "rmsds": {"1": 3.62915, "2": 7.39838, "3": 3.51551, "4": 3.72943, "5": 7.55395, "6": 7.26426, "7": 1.86455, "8": 7.65929, "9": 2.87119}}