{"stats": {"std_sample": 0.721884924301189, "std_population": 0.6683355726408275, "mean": 3.6982999999999997}, "rmsds": {"1": 3.51526, "2": 2.51915, "3": 4.14067, "4": 3.04174, "5": 4.23017, "6": 3.86866, "7": 4.57245}}