{"1": {"stats": {"std_sample": 0.628510116096878, "std_population": 0.5925650201819289, "mean": 3.4558411111111114}, "rmsds": {"1": 4.1863, "2": 3.45699, "3": 3.2391, "4": 3.70363, "5": 2.56082, "6": 3.4668, "7": 4.10783, "8": 2.43186, "9": 3.94924}}, "2": {"stats": {"std_sample": 2.4435846618549517, "std_population": 2.303833713068097, "mean": 4.752135555555555}, "rmsds": {"1": 2.64917, "2": 2.74946, "3": 3.4394, "4": 8.99821, "5": 7.005, "6": 3.05264, "7": 7.69752, "8": 3.93394, "9": 3.24388}}, "3": {"stats": {"std_sample": 1.6682340312171764, "std_population": 1.5728261281064482, "mean": 4.8041688888888885}, "rmsds": {"1": 3.70853, "2": 3.88636, "3": 4.12607, "4": 3.76612, "5": 4.44678, "6": 8.5732, "7": 4.64836, "8": 6.49261, "9": 3.58949}}, "4": {"stats": {"std_sample": 1.223467216644066, "std_population": 1.1534959539312666, "mean": 6.484115555555556}, "rmsds": {"1": 7.24691, "2": 4.23448, "3": 4.74937, "4": 6.07221, "5": 7.7049, "6": 7.00832, "7": 6.87427, "8": 6.99517, "9": 7.47141}}, "5": {"stats": {"std_sample": 0.5275827425153329, "std_population": 0.4974097798261175, "mean": 7.089546666666667}, "rmsds": {"1": 6.94166, "2": 7.5124, "3": 7.52598, "4": 7.22213, "5": 7.46261, "6": 7.29368, "7": 7.35081, "8": 6.52546, "9": 5.97119}}}