{"1": {"stats": {"std_sample": 2.9722172629032353, "std_population": 2.8022333090114633, "mean": 4.706663333333334}, "rmsds": {"1": 1.33038, "2": 2.96746, "3": 2.53919, "4": 1.64209, "5": 7.50098, "6": 2.77309, "7": 7.23003, "8": 8.19091, "9": 8.18584}}, "2": {"stats": {"std_sample": 2.161741155006769, "std_population": 2.0381091065004346, "mean": 4.417006666666667}, "rmsds": {"1": 7.73993, "2": 3.04343, "3": 4.29305, "4": 3.56613, "5": 2.02979, "6": 6.01383, "7": 2.02685, "8": 7.43344, "9": 3.60661}}, "3": {"stats": {"std_sample": 2.080386957788409, "std_population": 1.9614076337923145, "mean": 3.065318888888889}, "rmsds": {"1": 2.03749, "2": 2.66477, "3": 1.38717, "4": 3.13215, "5": 3.99487, "6": 1.89269, "7": 2.13404, "8": 2.12267, "9": 8.22202}}, "4": {"stats": {"std_sample": 2.1652941120690996, "std_population": 2.041458866543153, "mean": 4.791328888888888}, "rmsds": {"1": 4.3101, "2": 7.62767, "3": 1.79525, "4": 7.33037, "5": 2.65853, "6": 3.39827, "7": 3.49043, "8": 7.07359, "9": 5.43775}}, "5": {"stats": {"std_sample": 1.3567434901334314, "std_population": 1.2791500296054041, "mean": 6.071577777777778}, "rmsds": {"1": 7.73228, "2": 4.51239, "3": 4.60246, "4": 6.4483, "5": 7.6806, "6": 4.38302, "7": 5.92862, "8": 5.95714, "9": 7.39939}}}