{"1": {"stats": {"std_sample": 0.9859437699370983, "std_population": 0.9295567007882021, "mean": 4.388825555555556}, "rmsds": {"1": 4.36447, "2": 3.5882, "3": 4.39524, "4": 6.81595, "5": 4.25638, "6": 4.3528, "7": 3.34327, "8": 4.35627, "9": 4.02685}}, "2": {"stats": {"std_sample": 2.7826290216737677, "std_population": 2.6234878010026796, "mean": 6.19856111111111}, "rmsds": {"1": 7.30575, "2": 8.3342, "3": 3.54689, "4": 3.99833, "5": 2.83143, "6": 8.94221, "7": 3.14558, "8": 9.87348, "9": 7.80918}}, "3": {"stats": {"std_sample": 3.157596834544869, "std_population": 2.9770108452798048, "mean": 5.827474444444444}, "rmsds": {"1": 3.56354, "2": 3.83431, "3": 6.75181, "4": 3.96756, "5": 5.12345, "6": 4.54395, "7": 13.7522, "8": 4.70354, "9": 6.20691}}, "4": {"stats": {"std_sample": 3.3723814385872455, "std_population": 3.1795117119635807, "mean": 9.584984444444444}, "rmsds": {"1": 6.23327, "2": 8.38336, "3": 7.54567, "4": 15.4119, "5": 9.10765, "6": 9.21341, "7": 9.17172, "8": 6.26298, "9": 14.9349}}, "5": {"stats": {"std_sample": 2.808051898062269, "std_population": 2.6474567187247815, "mean": 9.521688888888889}, "rmsds": {"1": 7.35013, "2": 7.72552, "3": 7.45726, "4": 7.80513, "5": 14.311, "6": 14.0272, "7": 10.5134, "8": 8.74777, "9": 7.75779}}}