{"stats": {"std_sample": 0.6564320534906868, "std_population": 0.6188900752153002, "mean": 7.877933333333333}, "rmsds": {"1": 8.38008, "2": 7.52515, "3": 8.24138, "4": 8.36973, "5": 8.43184, "6": 7.46741, "7": 8.17186, "8": 6.41692, "9": 7.89703}}