{"stats": {"std_sample": 2.941321734610895, "std_population": 2.77310472559299, "mean": 5.588447777777778}, "rmsds": {"1": 7.12108, "2": 6.04543, "3": 6.99291, "4": 4.61049, "5": 2.7212, "6": 2.36589, "7": 6.11743, "8": 2.6946, "9": 11.627}}