{"stats": {"std_sample": 0.6534772457676786, "std_population": 0.6161042557779116, "mean": 3.065461111111111}, "rmsds": {"1": 3.75406, "2": 3.4017, "3": 2.52315, "4": 2.00687, "5": 2.64456, "6": 3.45532, "7": 3.49758, "8": 3.81746, "9": 2.48845}}