{"stats": {"std_sample": 2.139261478781872, "std_population": 2.016915064503764, "mean": 6.78713}, "rmsds": {"1": 3.26814, "2": 8.45433, "3": 7.90435, "4": 7.79659, "5": 8.2703, "6": 2.96589, "7": 6.68383, "8": 7.97602, "9": 7.76472}}