{"stats": {"std_sample": 1.762345925687154, "std_population": 1.66155567313316, "mean": 5.74461888888889}, "rmsds": {"1": 4.04395, "2": 5.14579, "3": 4.66813, "4": 8.60417, "5": 5.25545, "6": 5.51051, "7": 8.71634, "8": 3.97445, "9": 5.78278}}