{"stats": {"std_sample": 4.252470024843732, "std_population": 4.009267188479372, "mean": 5.261242222222223}, "rmsds": {"1": 1.94444, "2": 2.40754, "3": 1.38118, "4": 6.47607, "5": 6.14453, "6": 1.7186, "7": 14.9387, "8": 6.59251, "9": 5.74761}}