{"stats": {"std_sample": 3.918869762075682, "std_population": 3.6947458444675028, "mean": 10.886858888888888}, "rmsds": {"1": 7.50876, "2": 6.26104, "3": 6.42813, "4": 6.9169, "5": 14.4684, "6": 14.1666, "7": 13.8216, "8": 13.8963, "9": 14.514}}