{"stats": {"std_sample": 1.8675098778587491, "std_population": 1.7607051980890436, "mean": 5.033083333333334}, "rmsds": {"1": 4.50354, "2": 3.62915, "3": 4.10178, "4": 7.47401, "5": 3.78219, "6": 3.56692, "7": 7.39838, "8": 7.56729, "9": 3.27449}}