{"1": {"stats": {"std_sample": 2.7039991157424796, "std_population": 2.549354814751914, "mean": 4.487761111111111}, "rmsds": {"1": 2.88876, "2": 2.0285, "3": 2.30028, "4": 3.61298, "5": 3.74827, "6": 1.84577, "7": 8.11137, "8": 8.03678, "9": 7.81714}}, "2": {"stats": {"std_sample": 2.60495098742013, "std_population": 2.4559713438178226, "mean": 5.342131111111112}, "rmsds": {"1": 3.12549, "2": 8.32972, "3": 2.03026, "4": 6.72967, "5": 3.97372, "6": 3.19607, "7": 8.64445, "8": 8.17402, "9": 3.87578}}, "3": {"stats": {"std_sample": 0.8003949298488702, "std_population": 0.7546195766979561, "mean": 2.5360144444444446}, "rmsds": {"1": 2.5577, "2": 2.15654, "3": 1.85264, "4": 2.09157, "5": 2.3358, "6": 3.33775, "7": 4.28519, "8": 1.78773, "9": 2.41921}}, "4": {"stats": {"std_sample": 2.639889801885677, "std_population": 2.4889119739980985, "mean": 5.85407}, "rmsds": {"1": 3.11198, "2": 7.7876, "3": 2.81521, "4": 2.26191, "5": 7.99378, "6": 8.61545, "7": 8.04567, "8": 7.65377, "9": 4.40126}}, "5": {"stats": {"std_sample": 0.9413533973502075, "std_population": 0.8875164943457685, "mean": 6.509665555555555}, "rmsds": {"1": 6.49625, "2": 5.87263, "3": 7.17899, "4": 5.78727, "5": 7.90545, "6": 5.06857, "7": 7.72712, "8": 6.05586, "9": 6.49485}}}