{"stats": {"std_sample": 1.4370522282475022, "std_population": 1.3548658340173962, "mean": 4.34152111111111}, "rmsds": {"1": 5.00031, "2": 4.68458, "3": 2.72212, "4": 4.1602, "5": 2.39979, "6": 4.71001, "7": 7.19984, "8": 3.35021, "9": 4.84663}}