{"stats": {"std_sample": 1.3088150653114106, "std_population": 1.2339626773344168, "mean": 6.83632888888889}, "rmsds": {"1": 8.38875, "2": 6.77628, "3": 6.53628, "4": 6.1998, "5": 8.38099, "6": 8.16895, "7": 6.63865, "8": 4.39391, "9": 6.04335}}