{"stats": {"std_sample": 5.1986404395479, "std_population": 4.901325210339912, "mean": 7.884365555555557}, "rmsds": {"1": 2.72291, "2": 1.83803, "3": 11.7714, "4": 12.573, "5": 12.7211, "6": 2.20947, "7": 12.3155, "8": 11.8884, "9": 2.91948}}