{"stats": {"std_sample": 3.2294873836260756, "std_population": 3.0447899049578657, "mean": 3.72057}, "rmsds": {"1": 2.25784, "2": 3.49676, "3": 12.1893, "4": 2.43657, "5": 3.25993, "6": 1.9934, "7": 2.18763, "8": 2.21779, "9": 3.44591}}