{"stats": {"std_sample": 1.135508082622048, "std_population": 1.0705672870855796, "mean": 6.9435633333333335}, "rmsds": {"1": 5.18388, "2": 6.46985, "3": 7.89358, "4": 8.37034, "5": 7.64415, "6": 8.13159, "7": 5.91223, "8": 5.90038, "9": 6.98607}}