{"stats": {"std_sample": 0.8325875200908979, "std_population": 0.7849710418500864, "mean": 4.034148888888889}, "rmsds": {"1": 4.63771, "2": 5.05778, "3": 4.62491, "4": 4.62965, "5": 3.58795, "6": 2.51674, "7": 4.23716, "8": 3.0998, "9": 3.91564}}