{"stats": {"std_sample": 0.4136852903610556, "std_population": 0.39002623212190446, "mean": 10.48168111111111}, "rmsds": {"1": 10.2444, "2": 10.8661, "3": 11.2176, "4": 10.1905, "5": 10.3377, "6": 9.79303, "7": 10.6507, "8": 10.4384, "9": 10.5967}}