{"stats": {"std_sample": 4.841433951142471, "std_population": 4.564547703359495, "mean": 5.755323333333333}, "rmsds": {"1": 1.94444, "2": 4.33264, "3": 2.40754, "4": 1.38118, "5": 6.47607, "6": 13.595, "7": 1.82221, "8": 6.14453, "9": 13.6943}}