{"stats": {"std_sample": 0.9357668695217011, "std_population": 0.8822494653980028, "mean": 3.841762222222222}, "rmsds": {"1": 2.66564, "2": 4.39133, "3": 3.14732, "4": 4.22744, "5": 2.61041, "6": 4.475, "7": 3.4987, "8": 4.11163, "9": 5.44839}}