{"stats": {"std_sample": 0.6012234052330299, "std_population": 0.5668388624644575, "mean": 3.495446666666667}, "rmsds": {"1": 3.91778, "2": 4.05041, "3": 2.81012, "4": 4.09402, "5": 3.88161, "6": 3.12026, "7": 2.41154, "8": 3.36747, "9": 3.80581}}