{"stats": {"std_sample": 1.3971248015368722, "std_population": 1.317221895107509, "mean": 7.178967777777777}, "rmsds": {"1": 6.21902, "2": 6.23336, "3": 6.93241, "4": 7.63574, "5": 10.4405, "6": 6.00013, "7": 6.26528, "8": 6.92737, "9": 7.9569}}