{"stats": {"std_sample": 5.507595453738813, "std_population": 5.192610791161219, "mean": 6.581432222222222}, "rmsds": {"1": 1.94444, "2": 13.7999, "3": 4.33264, "4": 13.4869, "5": 2.40754, "6": 1.38118, "7": 13.595, "8": 1.82221, "9": 6.46308}}