{"stats": {"std_sample": 0.7589216276236961, "std_population": 0.7155181723757965, "mean": 3.27655}, "rmsds": {"1": 4.18846, "2": 3.50878, "3": 2.83207, "4": 3.98201, "5": 2.05244, "6": 3.53988, "7": 2.27184, "8": 3.17417, "9": 3.9393}}