{"stats": {"std_sample": 0.39150136147059983, "std_population": 0.3196595230692945, "mean": 8.862156666666666}, "rmsds": {"1": 8.41602, "2": 9.14843, "3": 9.02202}}