{"stats": {"std_sample": 0.7378858158071915, "std_population": 0.6956854187981771, "mean": 4.016872222222222}, "rmsds": {"1": 4.61583, "2": 4.73692, "3": 4.43277, "4": 3.10721, "5": 3.16966, "6": 3.13515, "7": 4.25273, "8": 4.94421, "9": 3.75737}}