{"stats": {"std_sample": 4.797061771346197, "std_population": 4.522713211052864, "mean": 7.868988888888889}, "rmsds": {"1": 2.35326, "2": 2.29374, "3": 11.9012, "4": 11.5168, "5": 12.4077, "6": 11.1801, "7": 4.26412, "8": 2.54708, "9": 12.3569}}