{"stats": {"std_sample": 1.0950822931151998, "std_population": 1.0324534872254296, "mean": 6.787092222222222}, "rmsds": {"1": 5.20282, "2": 6.21902, "3": 8.37034, "4": 7.64415, "5": 8.13159, "6": 7.20903, "7": 5.90038, "8": 6.38503, "9": 6.02147}}