{"stats": {"std_sample": 0.8888566941864139, "std_population": 0.8380221279496941, "mean": 6.529623333333333}, "rmsds": {"1": 7.14332, "2": 7.73636, "3": 7.0031, "4": 6.04543, "5": 5.74113, "6": 6.17636, "7": 7.06583, "8": 6.99291, "9": 4.86217}}