{"stats": {"std_sample": 1.9846122586624657, "std_population": 1.6204291236651551, "mean": 6.216303333333333}, "rmsds": {"1": 3.92619, "2": 7.43362, "3": 7.2891}}