{"stats": {"std_sample": 1.2993806783083668, "std_population": 1.2250678519661626, "mean": 6.136148888888888}, "rmsds": {"1": 5.20282, "2": 6.21902, "3": 8.05344, "4": 4.64929, "5": 7.20903, "6": 4.14859, "7": 5.90038, "8": 6.50177, "9": 7.341}}