{"stats": {"std_sample": 1.9274385658915594, "std_population": 1.8172065070165278, "mean": 4.966941111111112}, "rmsds": {"1": 4.52622, "2": 7.1397, "3": 2.7443, "4": 6.39707, "5": 7.18081, "6": 2.61396, "7": 3.72484, "8": 6.88212, "9": 3.49345}}