{"stats": {"std_sample": 1.5075019511595997, "std_population": 1.4212864697558727, "mean": 6.9669799999999995}, "rmsds": {"1": 8.39949, "2": 8.15728, "3": 6.9018, "4": 6.4354, "5": 6.01663, "6": 8.16895, "7": 8.53246, "8": 6.104, "9": 3.98681}}