{"stats": {"std_sample": 0.30943050107068815, "std_population": 0.28944573000607554, "mean": 8.0425325}, "rmsds": {"1": 7.99853, "2": 8.21549, "3": 8.04192, "4": 8.62364, "5": 7.88339, "6": 8.14977, "7": 7.86817, "8": 7.55935}}