{"stats": {"std_sample": 1.447047672145293, "std_population": 1.3642896288988593, "mean": 4.193591111111111}, "rmsds": {"1": 5.00031, "2": 4.68458, "3": 2.72212, "4": 4.1602, "5": 2.39979, "6": 4.71001, "7": 7.19984, "8": 3.51526, "9": 3.35021}}