{"1": {"stats": {"std_sample": 3.138486841779809, "std_population": 2.9589937713163383, "mean": 6.548503333333333}, "rmsds": {"1": 12.3423, "2": 5.21965, "3": 7.1233, "4": 4.41912, "5": 11.3552, "6": 4.20622, "7": 4.4475, "8": 5.25701, "9": 4.56623}}, "2": {"stats": {"std_sample": 2.5873500803234957, "std_population": 2.4393770494670695, "mean": 6.853713333333333}, "rmsds": {"1": 5.51899, "2": 5.68501, "3": 5.39852, "4": 5.6727, "5": 5.86021, "6": 5.72199, "7": 11.413, "8": 5.03, "9": 11.383}}, "3": {"stats": {"std_sample": 4.185637189722266, "std_population": 3.9462565872522912, "mean": 9.179141111111113}, "rmsds": {"1": 10.3564, "2": 11.0046, "3": 5.25006, "4": 4.68695, "5": 4.68039, "6": 5.45527, "7": 12.177, "8": 14.71, "9": 14.2916}}, "4": {"stats": {"std_sample": 3.721435999849386, "std_population": 3.508603508326987, "mean": 7.077203333333333}, "rmsds": {"1": 13.6634, "2": 5.1332, "3": 4.31446, "4": 12.8037, "5": 4.06632, "6": 5.44851, "7": 4.12421, "8": 8.24774, "9": 5.89329}}, "5": {"stats": {"std_sample": 2.741301571188402, "std_population": 2.5845239070195416, "mean": 12.874176666666667}, "rmsds": {"1": 13.6604, "2": 14.2441, "3": 14.6287, "4": 7.52063, "5": 14.0615, "6": 14.0532, "7": 14.7093, "8": 14.3155, "9": 8.67426}}}