{"stats": {"std_sample": 0.5507551012700656, "std_population": 0.5192568891748628, "mean": 3.701923333333334}, "rmsds": {"1": 4.09402, "2": 3.82182, "3": 3.36747, "4": 3.75884, "5": 3.69856, "6": 4.72815, "7": 3.74836, "8": 2.70491, "9": 3.39518}}