{"stats": {"std_sample": 0.6890775393052657, "std_population": 0.6496685344081242, "mean": 7.865503333333333}, "rmsds": {"1": 8.38008, "2": 8.58547, "3": 7.52515, "4": 8.24138, "5": 7.56549, "6": 8.43184, "7": 7.47134, "8": 8.17186, "9": 6.41692}}