{"stats": {"std_sample": 3.1753661898752368, "std_population": 2.9937639541483603, "mean": 6.823925555555555}, "rmsds": {"1": 10.3415, "2": 3.81857, "3": 2.7893, "4": 3.47923, "5": 11.5078, "6": 6.59582, "7": 9.91541, "8": 6.4013, "9": 6.5664}}