{"stats": {"std_sample": 0.5905417940708723, "std_population": 0.5567681428821113, "mean": 3.413577777777778}, "rmsds": {"1": 3.71204, "2": 3.24551, "3": 2.59843, "4": 2.9612, "5": 3.7756, "6": 2.88545, "7": 3.20676, "8": 3.84411, "9": 4.4931}}