{"stats": {"std_sample": 2.6910988359533445, "std_population": 2.537192314327779, "mean": 7.615512222222222}, "rmsds": {"1": 12.1757, "2": 5.81255, "3": 4.55927, "4": 10.2563, "5": 6.69579, "6": 4.635, "7": 7.37938, "8": 10.2707, "9": 6.75492}}