{"stats": {"std_sample": 3.8784837944284933, "std_population": 3.6566695890166923, "mean": 10.122532222222222}, "rmsds": {"1": 7.50876, "2": 6.26104, "3": 6.9169, "4": 13.8216, "5": 5.37372, "6": 14.4872, "7": 14.0183, "8": 8.63647, "9": 14.0788}}