{"stats": {"std_sample": 2.677348172147209, "std_population": 2.5242280641635992, "mean": 7.092306666666667}, "rmsds": {"1": 7.50876, "2": 5.40555, "3": 5.90881, "4": 6.26104, "5": 5.69022, "6": 5.70085, "7": 6.42813, "8": 6.9169, "9": 14.0105}}