{"stats": {"std_sample": 4.49590205520384, "std_population": 4.2387771077135605, "mean": 8.66900888888889}, "rmsds": {"1": 4.39934, "2": 15.2815, "3": 8.34022, "4": 3.70154, "5": 10.1439, "6": 7.84301, "7": 14.6624, "8": 2.99157, "9": 10.6576}}