{"stats": {"std_sample": 4.681928539605768, "std_population": 4.414164559181424, "mean": 6.936153333333333}, "rmsds": {"1": 2.35326, "2": 11.5168, "3": 2.21363, "4": 12.0559, "5": 11.1801, "6": 4.26412, "7": 2.54708, "8": 3.81619, "9": 12.4783}}