{"stats": {"std_sample": 0.9741052580459556, "std_population": 0.9183952447383559, "mean": 4.072654444444444}, "rmsds": {"1": 4.55931, "2": 4.96883, "3": 4.61583, "4": 4.43277, "5": 4.70567, "6": 4.8665, "7": 3.13515, "8": 3.11206, "9": 2.25777}}