{"stats": {"std_sample": 0.5615834989562998, "std_population": 0.5294660004192907, "mean": 10.34933}, "rmsds": {"1": 9.90678, "2": 10.5344, "3": 10.375, "4": 10.1654, "5": 10.5021, "6": 11.1547, "7": 10.9792, "8": 9.26189, "9": 10.2645}}