{"stats": {"std_sample": 3.637460376886523, "std_population": 3.4294305317251137, "mean": 8.659562222222222}, "rmsds": {"1": 7.74979, "2": 7.20293, "3": 5.3269, "4": 9.62113, "5": 7.77633, "6": 6.68543, "7": 14.5065, "8": 4.50975, "9": 14.5573}}