{"stats": {"std_sample": 4.361200778940105, "std_population": 4.111779526539468, "mean": 4.7780644444444444}, "rmsds": {"1": 3.33495, "2": 2.1845, "3": 2.23783, "4": 2.7068, "5": 12.1626, "6": 2.43657, "7": 3.25993, "8": 12.686, "9": 1.9934}}