{"stats": {"std_sample": 0.5693216335058575, "std_population": 0.5367615836375922, "mean": 3.2267544444444445}, "rmsds": {"1": 3.96173, "2": 2.59914, "3": 3.28521, "4": 3.29149, "5": 3.63881, "6": 2.90936, "7": 4.01158, "8": 2.94445, "9": 2.39902}}