{"stats": {"std_sample": 0.6500358749352049, "std_population": 0.6128597002416185, "mean": 10.285935555555556}, "rmsds": {"1": 9.79989, "2": 9.65318, "3": 11.158, "4": 10.5861, "5": 10.6374, "6": 11.1429, "7": 10.1432, "8": 10.1672, "9": 9.28555}}