{"stats": {"std_sample": 2.891891859583926, "std_population": 2.726501792493292, "mean": 3.9995844444444453}, "rmsds": {"1": 1.61202, "2": 3.15491, "3": 1.66292, "4": 7.90528, "5": 2.44676, "6": 1.57076, "7": 2.15453, "8": 7.66757, "9": 7.82151}}