{"stats": {"std_sample": 3.349518084448866, "std_population": 3.157955934961024, "mean": 6.216820000000001}, "rmsds": {"1": 7.03106, "2": 6.04543, "3": 6.99291, "4": 4.86217, "5": 2.82817, "6": 11.5547, "7": 11.0402, "8": 2.87554, "9": 2.7212}}