{"stats": {"std_sample": 5.537170418370289, "std_population": 5.220494335220245, "mean": 8.045743333333332}, "rmsds": {"1": 2.50781, "2": 1.14353, "3": 1.8812, "4": 3.58925, "5": 13.8745, "6": 12.9506, "7": 12.0798, "8": 12.6475, "9": 11.7375}}