{"stats": {"std_sample": 1.9392684860906817, "std_population": 1.8283598627414548, "mean": 2.9277522222222228}, "rmsds": {"1": 3.15491, "2": 1.55605, "3": 1.64013, "4": 1.48744, "5": 2.39644, "6": 3.84594, "7": 2.44676, "8": 2.15453, "9": 7.66757}}