{"stats": {"std_sample": 0.8393210212427662, "std_population": 0.726873326326534, "mean": 2.160735}, "rmsds": {"1": 1.94444, "2": 1.37454, "3": 1.97423, "4": 3.34973}}