{"stats": {"std_sample": 0.5851825694767785, "std_population": 0.5517154174789307, "mean": 10.297447777777778}, "rmsds": {"1": 9.85885, "2": 11.4337, "3": 10.3415, "4": 10.6065, "5": 9.41161, "6": 10.5395, "7": 10.0848, "8": 10.5547, "9": 9.84587}}