{"1": {"stats": {"std_sample": 2.3467575151904336, "std_population": 2.212544203722197, "mean": 4.989105555555556}, "rmsds": {"1": 2.66564, "2": 4.39133, "3": 6.69517, "4": 3.14732, "5": 4.22744, "6": 7.12514, "7": 2.61041, "8": 9.5645, "9": 4.475}}, "2": {"stats": {"std_sample": 2.2291217016630114, "std_population": 2.1016360951146824, "mean": 9.287203333333334}, "rmsds": {"1": 13.5174, "2": 7.54112, "3": 8.30219, "4": 7.99883, "5": 8.26716, "6": 12.7862, "7": 8.32358, "8": 8.91237, "9": 7.93598}}, "3": {"stats": {"std_sample": 2.624453943458736, "std_population": 2.4743589071085976, "mean": 5.259271111111111}, "rmsds": {"1": 4.07594, "2": 8.58306, "3": 3.86328, "4": 7.92598, "5": 3.2671, "6": 2.9691, "7": 3.54433, "8": 3.54438, "9": 9.56027}}, "4": {"stats": {"std_sample": 1.9537335677491952, "std_population": 1.8419976725163238, "mean": 8.638126666666668}, "rmsds": {"1": 7.99582, "2": 13.4263, "3": 8.75292, "4": 8.73024, "5": 7.4259, "6": 8.11213, "7": 6.31749, "8": 8.51421, "9": 8.46813}}, "5": {"stats": {"std_sample": 2.9066138123028047, "std_population": 2.7403817826263945, "mean": 7.773792222222222}, "rmsds": {"1": 7.09729, "2": 7.31566, "3": 8.13219, "4": 4.74066, "5": 5.14648, "6": 6.6848, "7": 7.59244, "8": 8.48321, "9": 14.7714}}}