{"1": {"stats": {"std_sample": 1.441457249721614, "std_population": 1.359018928091552, "mean": 4.174913333333333}, "rmsds": {"1": 5.3237, "2": 2.63804, "3": 3.1936, "4": 4.27151, "5": 5.81355, "6": 2.51938, "7": 2.61988, "8": 5.79488, "9": 5.39968}}, "2": {"stats": {"std_sample": 1.902789422153989, "std_population": 1.7939670714334905, "mean": 4.560208888888889}, "rmsds": {"1": 5.44896, "2": 3.86123, "3": 2.0723, "4": 2.07602, "5": 3.32343, "6": 5.54734, "7": 7.91655, "8": 5.67423, "9": 5.12182}}, "3": {"stats": {"std_sample": 0.6425029898849584, "std_population": 0.6057576281070478, "mean": 4.014581111111112}, "rmsds": {"1": 4.96883, "2": 3.91706, "3": 4.42044, "4": 3.87608, "5": 3.98444, "6": 3.55306, "7": 4.22826, "8": 4.48062, "9": 2.70244}}, "4": {"stats": {"std_sample": 0.7799331443944412, "std_population": 0.7353280203646081, "mean": 4.450336666666667}, "rmsds": {"1": 4.88793, "2": 5.30335, "3": 4.14998, "4": 5.35559, "5": 2.79268, "6": 4.29938, "7": 4.35636, "8": 4.8131, "9": 4.09466}}, "5": {"stats": {"std_sample": 1.0102225891081846, "std_population": 0.9524469910216382, "mean": 7.716027777777778}, "rmsds": {"1": 7.26367, "2": 7.21094, "3": 6.29886, "4": 9.80204, "5": 7.76611, "6": 7.0541, "7": 7.83085, "8": 8.64847, "9": 7.56921}}}