{"stats": {"std_sample": 1.6516739135680236, "std_population": 1.5572130994571642, "mean": 6.883381111111111}, "rmsds": {"1": 7.91056, "2": 7.97622, "3": 7.89555, "4": 8.03983, "5": 5.61593, "6": 7.87141, "7": 8.0016, "8": 4.66218, "9": 3.97715}}