{"1": {"stats": {"std_sample": 2.5457539677983636, "std_population": 2.4001598584837103, "mean": 8.26690111111111}, "rmsds": {"1": 10.7728, "2": 2.69361, "3": 7.74478, "4": 7.16148, "5": 10.4724, "6": 7.45252, "7": 7.80376, "8": 9.85516, "9": 10.4456}}, "2": {"stats": {"std_sample": 3.4414906887023538, "std_population": 3.244668537829061, "mean": 8.985103333333335}, "rmsds": {"1": 3.52747, "2": 11.3118, "3": 7.37245, "4": 10.974, "5": 11.2, "6": 10.8103, "7": 3.13281, "8": 11.0679, "9": 11.4692}}, "3": {"stats": {"std_sample": 2.733942205735154, "std_population": 2.577585430729913, "mean": 9.81285}, "rmsds": {"1": 12.2632, "2": 9.4656, "3": 9.54133, "4": 4.75714, "5": 12.7072, "6": 6.50828, "7": 12.4959, "8": 11.0261, "9": 9.5509}}, "4": {"stats": {"std_sample": 3.811904238618075, "std_population": 3.5938977818141122, "mean": 9.547767777777777}, "rmsds": {"1": 4.03112, "2": 12.7596, "3": 11.3285, "4": 12.5711, "5": 4.42894, "6": 12.2214, "7": 11.129, "8": 12.3354, "9": 5.12485}}, "5": {"stats": {"std_sample": 0.4337010743300042, "std_population": 0.40889729422218246, "mean": 8.722079999999998}, "rmsds": {"1": 8.93595, "2": 8.43607, "3": 9.04445, "4": 9.25206, "5": 8.56362, "6": 9.15897, "7": 8.37785, "8": 8.81363, "9": 7.91612}}}