{"stats": {"std_sample": 0.2995187241410981, "std_population": 0.2823889612433511, "mean": 10.417988888888889}, "rmsds": {"1": 10.4755, "2": 10.2563, "3": 11.0806, "4": 10.2707, "5": 10.0401, "6": 10.4468, "7": 10.2869, "8": 10.2732, "9": 10.6318}}