{"stats": {"std_sample": 0.5775253796828135, "std_population": 0.5444961497080707, "mean": 10.455454444444445}, "rmsds": {"1": 10.741, "2": 10.1654, "3": 10.5588, "4": 11.2176, "5": 9.26189, "6": 10.1505, "7": 10.4434, "8": 11.0822, "9": 10.4783}}