{"1": {"stats": {"std_sample": 3.9233582902696735, "std_population": 3.6989776694321934, "mean": 6.080135555555556}, "rmsds": {"1": 3.20558, "2": 2.98836, "3": 3.50705, "4": 2.86547, "5": 11.8177, "6": 12.0697, "7": 3.3844, "8": 5.36821, "9": 9.51475}}, "2": {"stats": {"std_sample": 4.538425545868792, "std_population": 4.278868639192108, "mean": 4.493282222222223}, "rmsds": {"1": 3.64506, "2": 12.1626, "3": 12.686, "4": 1.9934, "5": 2.29027, "6": 1.62415, "7": 1.67947, "8": 1.8976, "9": 2.46099}}, "3": {"stats": {"std_sample": 3.285766557313698, "std_population": 3.097850418763324, "mean": 6.495868888888889}, "rmsds": {"1": 6.94548, "2": 2.36939, "3": 7.1355, "4": 6.93655, "5": 4.06086, "6": 13.236, "7": 6.96402, "8": 2.70659, "9": 8.10843}}, "4": {"stats": {"std_sample": 4.984253821392035, "std_population": 4.699199568348362, "mean": 7.975618888888889}, "rmsds": {"1": 3.54994, "2": 4.06311, "3": 3.1904, "4": 13.2064, "5": 4.03874, "6": 13.1815, "7": 13.473, "8": 13.0183, "9": 4.05918}}, "5": {"stats": {"std_sample": 1.9062413424925446, "std_population": 1.7972215731395016, "mean": 8.128914444444446}, "rmsds": {"1": 8.24643, "2": 4.86455, "3": 7.61262, "4": 7.63997, "5": 7.58557, "6": 8.56704, "7": 8.09403, "8": 12.2992, "9": 8.25082}}}