{"stats": {"std_sample": 0.7613707902636314, "std_population": 0.6593664460677385, "mean": 10.42078}, "rmsds": {"1": 10.3415, "2": 11.5078, "3": 10.0642, "4": 9.76962}}