{"stats": {"std_sample": 0.6155500247497716, "std_population": 0.5803461288801476, "mean": 2.9329922222222224}, "rmsds": {"1": 2.68831, "2": 3.44257, "3": 1.83482, "4": 3.50664, "5": 3.6327, "6": 2.50238, "7": 2.75778, "8": 2.53776, "9": 3.49397}}