{"stats": {"std_sample": 0.24333030020940666, "std_population": 0.22941400712830645, "mean": 14.982333333333335}, "rmsds": {"1": 15.418, "2": 15.0292, "3": 14.9799, "4": 15.1647, "5": 14.6269, "6": 14.8846, "7": 15.1585, "8": 14.8496, "9": 14.7296}}