{"stats": {"std_sample": 4.203609605392727, "std_population": 3.9632011432454726, "mean": 5.3609133333333325}, "rmsds": {"1": 1.94444, "2": 2.40754, "3": 6.47607, "4": 1.37454, "5": 5.74761, "6": 6.57857, "7": 14.7439, "8": 1.97423, "9": 7.00132}}