{"stats": {"std_sample": 1.095526677894143, "std_population": 1.0328724572129588, "mean": 7.315815555555555}, "rmsds": {"1": 7.49861, "2": 8.40092, "3": 8.29851, "4": 4.65542, "5": 7.76025, "6": 7.07334, "7": 7.16009, "8": 7.51362, "9": 7.48158}}