{"stats": {"std_sample": 0.47375938365670145, "std_population": 0.4466646304458837, "mean": 10.270575555555556}, "rmsds": {"1": 9.79989, "2": 10.6374, "3": 10.1432, "4": 10.0923, "5": 10.9712, "6": 9.992, "7": 10.978, "8": 10.0886, "9": 9.73259}}