{"stats": {"std_sample": 3.0983969570224716, "std_population": 2.921196665491138, "mean": 4.000461111111111}, "rmsds": {"1": 2.68831, "2": 3.44257, "3": 1.83482, "4": 3.50664, "5": 3.6327, "6": 2.75778, "7": 2.53776, "8": 3.49397, "9": 12.1096}}