{"stats": {"std_sample": 0.4947641578767045, "std_population": 0.4664681214968925, "mean": 3.777282222222223}, "rmsds": {"1": 3.88865, "2": 3.19628, "3": 3.72296, "4": 3.91778, "5": 4.05041, "6": 3.85272, "7": 2.81012, "8": 4.4626, "9": 4.09402}}