{"stats": {"std_sample": 2.1285794805691425, "std_population": 2.0068439800066393, "mean": 4.43023}, "rmsds": {"1": 2.50781, "2": 6.51194, "3": 6.51863, "4": 5.79584, "5": 1.84428, "6": 2.6234, "7": 6.11329, "8": 6.07589, "9": 1.88099}}