{"stats": {"std_sample": 2.6983236649909146, "std_population": 2.544003948468285, "mean": 6.622956666666667}, "rmsds": {"1": 5.20773, "2": 5.10523, "3": 13.0115, "4": 5.20785, "5": 4.62892, "6": 8.21061, "7": 7.55975, "8": 5.80978, "9": 4.86524}}