{"stats": {"std_sample": 1.7508662255588738, "std_population": 1.6507325080575665, "mean": 3.771424444444445}, "rmsds": {"1": 2.67903, "2": 3.64669, "3": 7.26617, "4": 2.85712, "5": 2.67665, "6": 6.20232, "7": 2.28739, "8": 3.49345, "9": 2.834}}