{"stats": {"std_sample": 0.7310021694127256, "std_population": 0.6891954547384208, "mean": 3.262211111111111}, "rmsds": {"1": 4.10014, "2": 2.53806, "3": 3.4017, "4": 2.87926, "5": 3.50018, "6": 2.6232, "7": 4.27677, "8": 2.22313, "9": 3.81746}}