{"stats": {"std_sample": 3.623448013077461, "std_population": 3.416219548431993, "mean": 6.959993333333333}, "rmsds": {"1": 2.83905, "2": 11.3533, "3": 3.07036, "4": 3.88984, "5": 10.8894, "6": 10.4499, "7": 3.92956, "8": 6.56788, "9": 9.65065}}