{"stats": {"std_sample": 0.9073953382346641, "std_population": 0.8555005291770559, "mean": 7.58555}, "rmsds": {"1": 6.77628, "2": 8.36461, "3": 6.1998, "4": 8.15728, "5": 8.14377, "6": 8.16895, "7": 8.39999, "8": 7.78612, "9": 6.27315}}