{"stats": {"std_sample": 0.6042078128793474, "std_population": 0.5696525889771723, "mean": 3.6368122222222223}, "rmsds": {"1": 4.09402, "2": 3.76417, "3": 3.66028, "4": 3.36747, "5": 2.90511, "6": 3.75884, "7": 4.72815, "8": 3.74836, "9": 2.70491}}