{"stats": {"std_sample": 2.8126355303275803, "std_population": 2.6517782086678046, "mean": 5.852178888888889}, "rmsds": {"1": 7.74027, "2": 8.29736, "3": 8.15505, "4": 4.30176, "5": 2.729, "6": 8.07805, "7": 2.70844, "8": 8.56241, "9": 2.09727}}