{"stats": {"std_sample": 3.1825216304253146, "std_population": 3.0005101681954764, "mean": 4.839956666666668}, "rmsds": {"1": 3.88323, "2": 2.66564, "3": 4.30339, "4": 4.6135, "5": 3.14732, "6": 4.475, "7": 3.81443, "8": 13.1584, "9": 3.4987}}