{"stats": {"std_sample": 0.30470558673268716, "std_population": 0.28727918219214504, "mean": 5.215768888888889}, "rmsds": {"1": 5.65607, "2": 4.66909, "3": 5.39217, "4": 4.90968, "5": 5.00633, "6": 5.46596, "7": 5.34384, "8": 5.25681, "9": 5.24197}}