{"stats": {"std_sample": 2.5551702657476882, "std_population": 2.409037629328564, "mean": 3.4377911111111112}, "rmsds": {"1": 1.61202, "2": 3.15491, "3": 1.95307, "4": 7.82846, "5": 7.90528, "6": 2.44676, "7": 2.31433, "8": 1.57076, "9": 2.15453}}