{"stats": {"std_sample": 4.967346138601074, "std_population": 4.683258852140842, "mean": 7.653439999999999}, "rmsds": {"1": 11.4437, "2": 11.3558, "3": 2.54876, "4": 11.8755, "5": 2.44815, "6": 11.8401, "7": 12.6397, "8": 2.29374, "9": 2.43551}}