{"stats": {"std_sample": 2.464139223070604, "std_population": 2.3232127392279667, "mean": 5.2152666666666665}, "rmsds": {"1": 6.98866, "2": 6.69619, "3": 7.16369, "4": 7.21337, "5": 2.50781, "6": 1.74298, "7": 1.63825, "8": 6.47696, "9": 6.50949}}