{"stats": {"std_sample": 3.269899298916219, "std_population": 3.082890624081061, "mean": 7.078925555555556}, "rmsds": {"1": 2.83905, "2": 10.5966, "3": 10.2583, "4": 6.90532, "5": 3.93017, "6": 2.81898, "7": 6.4614, "8": 10.1917, "9": 9.70881}}