{"stats": {"std_sample": 2.5646666072657105, "std_population": 2.374419894222071, "mean": 4.697427142857143}, "rmsds": {"1": 7.84626, "2": 8.22019, "3": 2.09185, "4": 5.02513, "5": 4.55459, "6": 1.80119, "7": 3.34278}}