{"stats": {"std_sample": 1.6771141815142196, "std_population": 1.581198414097108, "mean": 7.731758888888889}, "rmsds": {"1": 6.09927, "2": 7.55229, "3": 7.74979, "4": 5.92765, "5": 7.20293, "6": 7.61337, "7": 11.3171, "8": 6.80012, "9": 9.32331}}