{"stats": {"std_sample": 4.773503391597668, "std_population": 4.500502157620926, "mean": 6.6139277777777785}, "rmsds": {"1": 1.83482, "2": 3.18233, "3": 3.40446, "4": 12.1202, "5": 13.2172, "6": 5.22214, "7": 1.86934, "8": 12.8137, "9": 5.86116}}