{"stats": {"std_sample": 1.9955864921997242, "std_population": 1.8814569881049337, "mean": 5.410623333333334}, "rmsds": {"1": 3.62915, "2": 3.93559, "3": 3.78219, "4": 3.56692, "5": 7.39838, "6": 7.56729, "7": 7.66384, "8": 3.7425, "9": 7.40975}}