{"stats": {"std_sample": 2.0110926579294595, "std_population": 1.896076341355198, "mean": 4.607734444444445}, "rmsds": {"1": 7.06072, "2": 6.04543, "3": 6.99291, "4": 4.86217, "5": 2.7212, "6": 2.36589, "7": 2.60926, "8": 6.11743, "9": 2.6946}}