{"stats": {"std_sample": 3.439600845040017, "std_population": 3.2428867761370337, "mean": 4.07907}, "rmsds": {"1": 1.83803, "2": 2.70533, "3": 2.78575, "4": 12.7091, "5": 2.18571, "6": 1.9698, "7": 3.90538, "8": 2.99858, "9": 5.61395}}