{"stats": {"std_sample": 3.2274730030939067, "std_population": 3.04289072877895, "mean": 5.847053333333333}, "rmsds": {"1": 4.29871, "2": 5.09708, "3": 3.62981, "4": 4.12626, "5": 5.00633, "6": 4.9377, "7": 14.2555, "8": 5.92825, "9": 5.34384}}