{"stats": {"std_sample": 0.7369488149985571, "std_population": 0.694802005963827, "mean": 4.064195555555555}, "rmsds": {"1": 4.96883, "2": 3.67965, "3": 4.95196, "4": 4.42044, "5": 2.84303, "6": 3.11206, "7": 4.25273, "8": 4.22826, "9": 4.1208}}