{"stats": {"std_sample": 0.5526528441023757, "std_population": 0.5210460982757623, "mean": 10.401887777777779}, "rmsds": {"1": 10.741, "2": 10.1654, "3": 10.056, "4": 10.7307, "5": 11.1547, "6": 9.26189, "7": 10.7992, "8": 10.2647, "9": 10.4434}}