{"stats": {"std_sample": 3.7121623397672296, "std_population": 3.4998602177529716, "mean": 7.0783788888888886}, "rmsds": {"1": 10.3415, "2": 3.81857, "3": 9.69924, "4": 9.84488, "5": 2.7893, "6": 3.47923, "7": 2.82546, "8": 11.5078, "9": 9.39943}}