{"stats": {"std_sample": 3.457364522723358, "std_population": 3.2596345320686373, "mean": 6.625001111111112}, "rmsds": {"1": 2.83905, "2": 3.07036, "3": 10.0873, "4": 2.768, "5": 10.2583, "6": 6.90532, "7": 3.93017, "8": 9.78302, "9": 9.98349}}