{"stats": {"std_sample": 1.0964545176968252, "std_population": 1.0337472329680673, "mean": 4.528555555555555}, "rmsds": {"1": 4.07747, "2": 4.29938, "3": 3.41828, "4": 4.2128, "5": 3.52807, "6": 5.26312, "7": 4.37396, "8": 4.51281, "9": 7.07111}}