{"stats": {"std_sample": 4.7797765657100655, "std_population": 4.506416562893513, "mean": 7.852788888888887}, "rmsds": {"1": 2.35326, "2": 2.29374, "3": 11.974, "4": 11.5168, "5": 12.4077, "6": 12.1383, "7": 11.1801, "8": 4.26412, "9": 2.54708}}