{"stats": {"std_sample": 0.3473936719822819, "std_population": 0.30085174505061446, "mean": 11.48495}, "rmsds": {"1": 11.2459, "2": 11.7744, "3": 11.1282, "4": 11.7913}}