{"stats": {"std_sample": 1.8094124753916057, "std_population": 1.7059304417505887, "mean": 7.003645555555555}, "rmsds": {"1": 8.38008, "2": 7.49861, "3": 8.48093, "4": 8.29851, "5": 3.45075, "6": 8.07815, "7": 4.65542, "8": 6.43011, "9": 7.76025}}