{"stats": {"std_sample": 2.569202697957957, "std_population": 2.4222675332917927, "mean": 6.150392222222221}, "rmsds": {"1": 3.26814, "2": 2.28565, "3": 8.46046, "4": 6.88347, "5": 2.96589, "6": 7.05946, "7": 8.80506, "8": 8.08449, "9": 7.54091}}