{"stats": {"std_sample": 0.6098627431234016, "std_population": 0.5749841083407824, "mean": 4.73517}, "rmsds": {"1": 4.29871, "2": 3.62981, "3": 4.12626, "4": 5.00633, "5": 5.39859, "6": 4.9377, "7": 5.34384, "8": 4.63332, "9": 5.24197}}