{"stats": {"std_sample": 3.0971985494775938, "std_population": 2.920066796022327, "mean": 5.084761111111111}, "rmsds": {"1": 3.88323, "2": 3.7449, "3": 4.30339, "4": 2.9641, "5": 4.27989, "6": 4.6135, "7": 5.16034, "8": 3.6398, "9": 13.1737}}