{"stats": {"std_sample": 0.6314765109139937, "std_population": 0.5953617640364078, "mean": 10.137171111111112}, "rmsds": {"1": 9.79989, "2": 9.95011, "3": 9.70098, "4": 10.5845, "5": 11.158, "6": 8.97886, "7": 10.6374, "8": 10.1592, "9": 10.2656}}