{"stats": {"std_sample": 3.5300639446077238, "std_population": 3.328176204339006, "mean": 7.210267777777777}, "rmsds": {"1": 7.12108, "2": 6.04543, "3": 6.11743, "4": 11.627, "5": 2.70277, "6": 2.74162, "7": 6.92716, "8": 8.41602, "9": 13.1939}}