{"1": {"stats": {"std_sample": 1.628166315429723, "std_population": 1.5350499233864967, "mean": 6.55647}, "rmsds": {"1": 7.3512, "2": 7.17322, "3": 6.86113, "4": 5.59652, "5": 8.59461, "6": 3.80409, "7": 7.85703, "8": 7.44388, "9": 4.32655}}, "2": {"stats": {"std_sample": 1.6478170809968562, "std_population": 1.5535768428371994, "mean": 5.0903833333333335}, "rmsds": {"1": 4.74815, "2": 7.72864, "3": 3.29859, "4": 3.77611, "5": 5.34673, "6": 7.04482, "7": 3.37085, "8": 6.43593, "9": 4.06363}}, "3": {"stats": {"std_sample": 2.0334512800163176, "std_population": 1.9171562524160042, "mean": 5.944636666666667}, "rmsds": {"1": 4.48134, "2": 3.76409, "3": 7.22402, "4": 7.49873, "5": 3.24905, "6": 8.31714, "7": 8.61099, "8": 5.86813, "9": 4.48824}}, "4": {"stats": {"std_sample": 2.217912626114423, "std_population": 2.0910680773396964, "mean": 6.672574444444445}, "rmsds": {"1": 7.25464, "2": 4.06313, "3": 7.87918, "4": 4.03069, "5": 3.29277, "6": 8.64632, "7": 8.85348, "8": 8.21943, "9": 7.81353}}, "5": {"stats": {"std_sample": 1.490380765364826, "std_population": 1.4051444609859536, "mean": 7.493072222222223}, "rmsds": {"1": 8.0772, "2": 9.32175, "3": 7.55701, "4": 4.24277, "5": 8.3927, "6": 6.93619, "7": 8.86067, "8": 7.23385, "9": 6.81551}}}