{"stats": {"std_sample": 1.6885894985962233, "std_population": 1.5920174467970423, "mean": 6.902207777777778}, "rmsds": {"1": 7.89555, "2": 8.03983, "3": 7.83647, "4": 7.87141, "5": 4.66218, "6": 5.44133, "7": 4.026, "8": 8.34745, "9": 7.99965}}