{"stats": {"std_sample": 3.6928456402451726, "std_population": 3.4816482587900524, "mean": 11.789844444444444}, "rmsds": {"1": 7.50876, "2": 6.26104, "3": 6.9169, "4": 14.4684, "5": 14.1666, "6": 13.8216, "7": 13.8963, "8": 14.514, "9": 14.555}}