{"stats": {"std_sample": 4.585881072795608, "std_population": 4.323610139051753, "mean": 6.494986666666667}, "rmsds": {"1": 1.83482, "2": 3.18233, "3": 3.40446, "4": 12.1096, "5": 11.5982, "6": 6.01679, "7": 13.2172, "8": 5.22214, "9": 1.86934}}