{"stats": {"std_sample": 2.776896371029375, "std_population": 2.618083006142915, "mean": 5.846118888888889}, "rmsds": {"1": 4.62375, "2": 11.7911, "3": 2.78276, "4": 6.39707, "5": 6.62533, "6": 4.63305, "7": 6.22913, "8": 7.06945, "9": 2.46343}}