{"1": {"stats": {"std_sample": 3.5955973470203806, "std_population": 3.389961688659295, "mean": 7.274780000000001}, "rmsds": {"1": 3.75105, "2": 6.03917, "3": 3.92149, "4": 5.79335, "5": 5.37788, "6": 13.7609, "7": 12.7732, "8": 6.92418, "9": 7.1318}}, "2": {"stats": {"std_sample": 2.1049450391129243, "std_population": 1.9845612149089749, "mean": 7.380641111111111}, "rmsds": {"1": 5.20551, "2": 7.21836, "3": 7.10513, "4": 8.39339, "5": 9.5994, "6": 5.23278, "7": 4.30676, "8": 9.74458, "9": 9.61986}}, "3": {"stats": {"std_sample": 2.7627673994284145, "std_population": 2.6047620839692733, "mean": 6.587522222222222}, "rmsds": {"1": 4.72156, "2": 5.23821, "3": 5.77281, "4": 5.61376, "5": 6.89754, "6": 5.54057, "7": 6.00602, "8": 13.788, "9": 5.70923}}, "4": {"stats": {"std_sample": 3.6903278435880336, "std_population": 3.4792744573368366, "mean": 5.281561111111112}, "rmsds": {"1": 2.50781, "2": 6.51194, "3": 6.51863, "4": 5.79584, "5": 2.6234, "6": 2.04525, "7": 6.11329, "8": 1.88099, "9": 13.5369}}, "5": {"stats": {"std_sample": 3.4263415176313705, "std_population": 3.230385762370865, "mean": 12.752547777777778}, "rmsds": {"1": 15.0623, "2": 15.3222, "3": 9.01678, "4": 14.6618, "5": 15.4218, "6": 15.3374, "7": 14.0918, "8": 8.99109, "9": 6.86776}}}