{"stats": {"std_sample": 1.2650410926571163, "std_population": 1.1926921801299821, "mean": 14.19968888888889}, "rmsds": {"1": 15.9051, "2": 15.0061, "3": 13.3388, "4": 12.0739, "5": 14.4414, "6": 12.9444, "7": 15.7141, "8": 14.3538, "9": 14.0196}}