{"stats": {"std_sample": 3.6069532280240035, "std_population": 3.40066811594464, "mean": 6.8274244444444445}, "rmsds": {"1": 3.8505, "2": 10.3415, "3": 9.69924, "4": 9.84488, "5": 2.7893, "6": 3.47923, "7": 2.82546, "8": 7.10891, "9": 11.5078}}