{"stats": {"std_sample": 1.3736009526888724, "std_population": 1.295043397720805, "mean": 3.837485555555556}, "rmsds": {"1": 4.52622, "2": 6.39707, "3": 2.65344, "4": 2.61396, "5": 2.75437, "6": 4.63305, "7": 2.46343, "8": 3.49345, "9": 5.00238}}