{"stats": {"std_sample": 3.7397800710907827, "std_population": 3.5258984645528018, "mean": 7.334574444444444}, "rmsds": {"1": 2.83905, "2": 6.95168, "3": 3.79533, "4": 6.64489, "5": 11.7628, "6": 11.6867, "7": 12.4241, "8": 3.78389, "9": 6.12273}}