{"stats": {"std_sample": 2.2523452612055284, "std_population": 2.1235314770290867, "mean": 6.477273333333334}, "rmsds": {"1": 7.89555, "2": 8.03983, "3": 7.83647, "4": 7.97319, "5": 7.93014, "6": 4.87488, "7": 3.88443, "8": 7.74649, "9": 2.11448}}