{"stats": {"std_sample": 1.8642716212356087, "std_population": 1.7576521404657837, "mean": 3.483892222222222}, "rmsds": {"1": 2.61944, "2": 3.17107, "3": 2.24868, "4": 3.10003, "5": 2.78471, "6": 2.30603, "7": 8.15822, "8": 4.36668, "9": 2.60017}}