{"stats": {"std_sample": 2.4787411225257068, "std_population": 2.3369795420585096, "mean": 5.9611100000000015}, "rmsds": {"1": 7.89555, "2": 8.03983, "3": 7.83647, "4": 8.30109, "5": 4.87488, "6": 3.43291, "7": 7.83182, "8": 2.729, "9": 2.70844}}