{"stats": {"std_sample": 0.8504022924932514, "std_population": 0.8017669703447519, "mean": 7.0198955555555544}, "rmsds": {"1": 7.67568, "2": 6.46985, "3": 7.89358, "4": 6.99196, "5": 7.64415, "6": 8.13159, "7": 6.53652, "8": 5.93535, "9": 5.90038}}