{"stats": {"std_sample": 0.5891142011057318, "std_population": 0.5554221953268779, "mean": 3.6632477777777783}, "rmsds": {"1": 2.81012, "2": 4.09402, "3": 3.76417, "4": 3.66028, "5": 3.36747, "6": 2.90511, "7": 3.75884, "8": 4.72815, "9": 3.88107}}